start,stop,index
1511204319.242136,1511204349.1660569,2
