start,stop,index
1511204319.242136,1511204349.1660569,2
1511286581.304179,1511287760.779765,3
